{
  "current_streak": 31.064228999999997,
  "longest_streak_today": 31.064228999999997,
  "last_productive_time": "2026-01-04T23:07:54.720173",
  "distractions_today": 0,
  "last_nudge_time": null
}